target_contact_id,subordinate_contact_id
FF8C9EDE-7E38-ED11-9DB1-0022489CA4D1,1E826FC2-6F38-ED11-9DB1-0022489CA4D1
D63C423D-6938-ED11-9DB1-0022489CA4D1,A6FEB3D2-7838-ED11-9DB1-0022489CA4D1
72E9D2D3-6B38-ED11-9DB1-0022489CA4D1,E525E18D-7738-ED11-9DB1-0022489CA4D1
79528D76-7238-ED11-9DB1-0022489CA4D1,5B7A5DF4-6738-ED11-9DB1-0022489CA4D1
0E43E837-7B38-ED11-9DB1-0022489CA4D1,EA48D23D-7738-ED11-9DB1-0022489CA4D1
ECBB61F1-7438-ED11-9DB1-0022489CA4D1,E6591C45-5D38-ED11-9DB1-0022489CA4D1
2570FB1E-7C38-ED11-9DB1-0022489CA4D1,B24459EE-6738-ED11-9DB1-0022489CA4D1
2570FB1E-7C38-ED11-9DB1-0022489CA4D1,17DC3739-7838-ED11-9DB1-0022489CA4D1
591C23E2-8338-ED11-9DB1-0022489CA4D1,C388DDF5-8238-ED11-9DB1-0022489CA4D1
504BBD83-7A38-ED11-9DB1-0022489CA4D1,C308AFFC-7238-ED11-9DB1-0022489CA4D1
60D474BC-6F38-ED11-9DB1-0022489CA4D1,F7B6481F-6338-ED11-9DB1-0022489CA4D1
0260D96C-7D38-ED11-9DB1-0022489CA4D1,B35FD96C-7D38-ED11-9DB1-0022489CA4D1
B813382D-6638-ED11-9DB1-0022489CA4D1,AC13382D-6638-ED11-9DB1-0022489CA4D1
C5E6743C-7D38-ED11-9DB1-0022489CA4D1,922A5DB2-5E38-ED11-9DB1-0022489CA4D1
C5E6743C-7D38-ED11-9DB1-0022489CA4D1,B208AFFC-7238-ED11-9DB1-0022489CA4D1
C5E6743C-7D38-ED11-9DB1-0022489CA4D1,27529FE8-7638-ED11-9DB1-0022489CA4D1
7F3B937A-7638-ED11-9DB1-0022489CA4D1,4633A1EB-5F38-ED11-9DB1-0022489CA4D1
7F3B937A-7638-ED11-9DB1-0022489CA4D1,2A52C629-7138-ED11-9DB1-0022489CA4D1
F93C3C82-7838-ED11-9DB1-0022489CA4D1,5A2DD552-7338-ED11-9DB1-0022489CA4D1
C14FDA15-7938-ED11-9DB1-0022489CA4D1,DC668ECC-7838-ED11-9DB1-0022489CA4D1
82469C98-7E38-ED11-9DB1-0022489CA4D1,51DE8774-7638-ED11-9DB1-0022489CA4D1
82469C98-7E38-ED11-9DB1-0022489CA4D1,79EDAECF-7938-ED11-9DB1-0022489CA4D1
82469C98-7E38-ED11-9DB1-0022489CA4D1,1870FB1E-7C38-ED11-9DB1-0022489CA4D1
82469C98-7E38-ED11-9DB1-0022489CA4D1,7F12AAA4-7D38-ED11-9DB1-0022489CA4D1
DF842514-7238-ED11-9DB1-0022489CA4D1,AB3AFFCA-6E38-ED11-9DB1-0022489CA4D1
8E8D6252-7F38-ED11-9DB1-0022489CA4D1,763E8C14-6638-ED11-9DB1-0022489CA4D1
C003FBC4-6E38-ED11-9DB1-0022489CA4D1,40F224F4-6238-ED11-9DB1-0022489CA4D1
2516ED7F-7038-ED11-9DB1-0022489CA4D1,04E3B3DE-5F38-ED11-9DB1-0022489CA4D1
5D821721-7A38-ED11-9DB1-0022489CA4D1,3ED32AE8-6238-ED11-9DB1-0022489CA4D1
5D821721-7A38-ED11-9DB1-0022489CA4D1,3D648BAC-6D38-ED11-9DB1-0022489CA4D1
5D821721-7A38-ED11-9DB1-0022489CA4D1,402DD552-7338-ED11-9DB1-0022489CA4D1
5D821721-7A38-ED11-9DB1-0022489CA4D1,C8D8940C-7738-ED11-9DB1-0022489CA4D1
8C0E1F1F-8438-ED11-9DB1-0022489CA4D1,6866EAA6-8238-ED11-9DB1-0022489CA4D1
27E3DC4C-7338-ED11-9DB1-0022489CA4D1,A0D38BF6-7238-ED11-9DB1-0022489CA4D1
72B548C9-6238-ED11-9DB1-0022489CA4D1,B2F358AC-5E38-ED11-9DB1-0022489CA4D1
72B548C9-6238-ED11-9DB1-0022489CA4D1,D3613DD8-5F38-ED11-9DB1-0022489CA4D1
698993F0-7238-ED11-9DB1-0022489CA4D1,1CE2B7FB-6538-ED11-9DB1-0022489CA4D1
02F2A1F4-6C38-ED11-9DB1-0022489CA4D1,E3DC184D-5B38-ED11-9DB1-0022489CA4D1
EE03B8AA-7138-ED11-9DB1-0022489CA4D1,B3D4C5F3-7938-ED11-9DB1-0022489CA4D1
5D46B75E-7F38-ED11-9DB1-0022489CA4D1,BCDD8648-7D38-ED11-9DB1-0022489CA4D1
F5D72287-7F38-ED11-9DB1-0022489CA4D1,8C7F65E8-7738-ED11-9DB1-0022489CA4D1
F5D72287-7F38-ED11-9DB1-0022489CA4D1,FA618E1E-7B38-ED11-9DB1-0022489CA4D1
F5D72287-7F38-ED11-9DB1-0022489CA4D1,3A4FA523-7D38-ED11-9DB1-0022489CA4D1
F5D72287-7F38-ED11-9DB1-0022489CA4D1,2BF00918-7E38-ED11-9DB1-0022489CA4D1
B34F0118-6938-ED11-9DB1-0022489CA4D1,96891C0E-7238-ED11-9DB1-0022489CA4D1
7A62ADCD-6738-ED11-9DB1-0022489CA4D1,1FE3F806-7C38-ED11-9DB1-0022489CA4D1
ACE2DC4C-7338-ED11-9DB1-0022489CA4D1,F18FCCB0-6238-ED11-9DB1-0022489CA4D1
ACE2DC4C-7338-ED11-9DB1-0022489CA4D1,57F1A1F4-6C38-ED11-9DB1-0022489CA4D1
ACE2DC4C-7338-ED11-9DB1-0022489CA4D1,5E979A2C-6E38-ED11-9DB1-0022489CA4D1
31506B61-7E38-ED11-9DB1-0022489CA4D1,255834C7-6738-ED11-9DB1-0022489CA4D1
F915C266-7D38-ED11-9DB1-0022489CA4D1,8D84E540-5B38-ED11-9DB1-0022489CA4D1
9DA7F086-4438-ED11-9DB1-0022489CA4D1,4CCE9423-7138-ED11-9DB1-0022489CA4D1
9DA7F086-4438-ED11-9DB1-0022489CA4D1,94367F9E-7638-ED11-9DB1-0022489CA4D1
9DA7F086-4438-ED11-9DB1-0022489CA4D1,49E77985-7C38-ED11-9DB1-0022489CA4D1
9DA7F086-4438-ED11-9DB1-0022489CA4D1,B38C9D79-7E38-ED11-9DB1-0022489CA4D1
B1ECC127-7F38-ED11-9DB1-0022489CA4D1,BB4B8DA4-6238-ED11-9DB1-0022489CA4D1
B1ECC127-7F38-ED11-9DB1-0022489CA4D1,5873126A-7238-ED11-9DB1-0022489CA4D1
B1ECC127-7F38-ED11-9DB1-0022489CA4D1,9ED7D237-7738-ED11-9DB1-0022489CA4D1
B1ECC127-7F38-ED11-9DB1-0022489CA4D1,DBF79CC5-7A38-ED11-9DB1-0022489CA4D1
E3999E12-6A38-ED11-9DB1-0022489CA4D1,3B4A01F0-5838-ED11-9DB1-0022489CA4D1
142CCACF-8338-ED11-9DB1-0022489CA4D1,D4CAC7A4-8338-ED11-9DB1-0022489CA4D1
9ED72287-7F38-ED11-9DB1-0022489CA4D1,DB857232-7838-ED11-9DB1-0022489CA4D1
9ED72287-7F38-ED11-9DB1-0022489CA4D1,CAB49318-7B38-ED11-9DB1-0022489CA4D1
9ED72287-7F38-ED11-9DB1-0022489CA4D1,2E4FA523-7D38-ED11-9DB1-0022489CA4D1
9ED72287-7F38-ED11-9DB1-0022489CA4D1,26F9F929-7E38-ED11-9DB1-0022489CA4D1
CC3D9BEA-7238-ED11-9DB1-0022489CA4D1,5484E540-5B38-ED11-9DB1-0022489CA4D1
4962F3A4-7E38-ED11-9DB1-0022489CA4D1,8B7671C3-7638-ED11-9DB1-0022489CA4D1
4962F3A4-7E38-ED11-9DB1-0022489CA4D1,5BDEBD60-7D38-ED11-9DB1-0022489CA4D1
57DD2108-7238-ED11-9DB1-0022489CA4D1,41D4EDC5-5F38-ED11-9DB1-0022489CA4D1
2FA61112-7E38-ED11-9DB1-0022489CA4D1,656B5098-6238-ED11-9DB1-0022489CA4D1
2FA61112-7E38-ED11-9DB1-0022489CA4D1,2F5600BF-6E38-ED11-9DB1-0022489CA4D1
2FA61112-7E38-ED11-9DB1-0022489CA4D1,98847995-7538-ED11-9DB1-0022489CA4D1
2FA61112-7E38-ED11-9DB1-0022489CA4D1,74C26DDC-7738-ED11-9DB1-0022489CA4D1
2FA61112-7E38-ED11-9DB1-0022489CA4D1,9B21D7F7-7A38-ED11-9DB1-0022489CA4D1
2FA61112-7E38-ED11-9DB1-0022489CA4D1,D94EA523-7D38-ED11-9DB1-0022489CA4D1
78B9BFA4-7138-ED11-9DB1-0022489CA4D1,3CC00EC1-6738-ED11-9DB1-0022489CA4D1
08DD546F-7738-ED11-9DB1-0022489CA4D1,8368EC11-6938-ED11-9DB1-0022489CA4D1
1C6D9DC9-8338-ED11-9DB1-0022489CA4D1,DE450C95-8038-ED11-9DB1-0022489CA4D1
1C6D9DC9-8338-ED11-9DB1-0022489CA4D1,8C825B14-8338-ED11-9DB1-0022489CA4D1
32E33468-7B38-ED11-9DB1-0022489CA4D1,D30E3362-7B38-ED11-9DB1-0022489CA4D1
32E33468-7B38-ED11-9DB1-0022489CA4D1,E80E3362-7B38-ED11-9DB1-0022489CA4D1
8600ECBF-5F38-ED11-9DB1-0022489CA4D1,2F43661A-5D38-ED11-9DB1-0022489CA4D1
8600ECBF-5F38-ED11-9DB1-0022489CA4D1,3B43661A-5D38-ED11-9DB1-0022489CA4D1
AEE0D578-7D38-ED11-9DB1-0022489CA4D1,7B847995-7538-ED11-9DB1-0022489CA4D1
6BD72287-7F38-ED11-9DB1-0022489CA4D1,1C08F7DD-5838-ED11-9DB1-0022489CA4D1
6BD72287-7F38-ED11-9DB1-0022489CA4D1,56925C69-7738-ED11-9DB1-0022489CA4D1
6BD72287-7F38-ED11-9DB1-0022489CA4D1,50C26DDC-7738-ED11-9DB1-0022489CA4D1
6BD72287-7F38-ED11-9DB1-0022489CA4D1,BEB49318-7B38-ED11-9DB1-0022489CA4D1
6BD72287-7F38-ED11-9DB1-0022489CA4D1,BE4EA523-7D38-ED11-9DB1-0022489CA4D1
6BD72287-7F38-ED11-9DB1-0022489CA4D1,1AF9F929-7E38-ED11-9DB1-0022489CA4D1
AEB49318-7B38-ED11-9DB1-0022489CA4D1,5DD0B2A7-7A38-ED11-9DB1-0022489CA4D1
5CCC3F80-7938-ED11-9DB1-0022489CA4D1,B5FC3785-6B38-ED11-9DB1-0022489CA4D1
5CCC3F80-7938-ED11-9DB1-0022489CA4D1,DA145533-7438-ED11-9DB1-0022489CA4D1
C2E182BA-7E38-ED11-9DB1-0022489CA4D1,86BBF10B-6938-ED11-9DB1-0022489CA4D1
C2E182BA-7E38-ED11-9DB1-0022489CA4D1,5ED7D237-7738-ED11-9DB1-0022489CA4D1
82C0C274-7F38-ED11-9DB1-0022489CA4D1,4C336914-5D38-ED11-9DB1-0022489CA4D1
82C0C274-7F38-ED11-9DB1-0022489CA4D1,9E8D0C0B-7D38-ED11-9DB1-0022489CA4D1
82C0C274-7F38-ED11-9DB1-0022489CA4D1,06A61112-7E38-ED11-9DB1-0022489CA4D1
4E503D7F-6B38-ED11-9DB1-0022489CA4D1,804F3D7F-6B38-ED11-9DB1-0022489CA4D1
B0194C2D-7438-ED11-9DB1-0022489CA4D1,8BCAF479-7038-ED11-9DB1-0022489CA4D1
040F4D98-7B38-ED11-9DB1-0022489CA4D1,DC1549D4-6538-ED11-9DB1-0022489CA4D1
29DEBD60-7D38-ED11-9DB1-0022489CA4D1,60194C2D-7438-ED11-9DB1-0022489CA4D1
456FFB1E-7C38-ED11-9DB1-0022489CA4D1,1D4ACB79-6238-ED11-9DB1-0022489CA4D1
2EA979F4-8338-ED11-9DB1-0022489CA4D1,7D22FAEF-7F38-ED11-9DB1-0022489CA4D1
CE61F3AC-8238-ED11-9DB1-0022489CA4D1,41C79B02-8238-ED11-9DB1-0022489CA4D1
848A814E-7D38-ED11-9DB1-0022489CA4D1,BF15329A-5E38-ED11-9DB1-0022489CA4D1
848A814E-7D38-ED11-9DB1-0022489CA4D1,E7DC2108-7238-ED11-9DB1-0022489CA4D1
C8DC3D79-6B38-ED11-9DB1-0022489CA4D1,A1CDC567-6238-ED11-9DB1-0022489CA4D1
DA639820-8338-ED11-9DB1-0022489CA4D1,A1725E0E-8338-ED11-9DB1-0022489CA4D1
83CD9FB4-6738-ED11-9DB1-0022489CA4D1,9313E2B2-5F38-ED11-9DB1-0022489CA4D1
46BE714F-7E38-ED11-9DB1-0022489CA4D1,30DD76FF-6838-ED11-9DB1-0022489CA4D1
6A469C98-7E38-ED11-9DB1-0022489CA4D1,A315329A-5E38-ED11-9DB1-0022489CA4D1
6A469C98-7E38-ED11-9DB1-0022489CA4D1,7682CD61-6238-ED11-9DB1-0022489CA4D1
6A469C98-7E38-ED11-9DB1-0022489CA4D1,0DEDA30C-6A38-ED11-9DB1-0022489CA4D1
6A469C98-7E38-ED11-9DB1-0022489CA4D1,EF95969A-6D38-ED11-9DB1-0022489CA4D1
6A469C98-7E38-ED11-9DB1-0022489CA4D1,C880AD97-6F38-ED11-9DB1-0022489CA4D1
6A469C98-7E38-ED11-9DB1-0022489CA4D1,9520D18F-7338-ED11-9DB1-0022489CA4D1
6A469C98-7E38-ED11-9DB1-0022489CA4D1,43194C2D-7438-ED11-9DB1-0022489CA4D1
6A469C98-7E38-ED11-9DB1-0022489CA4D1,2AB2AA94-7438-ED11-9DB1-0022489CA4D1
6A469C98-7E38-ED11-9DB1-0022489CA4D1,7539818F-7538-ED11-9DB1-0022489CA4D1
6A469C98-7E38-ED11-9DB1-0022489CA4D1,75367F9E-7638-ED11-9DB1-0022489CA4D1
6A469C98-7E38-ED11-9DB1-0022489CA4D1,4A925C69-7738-ED11-9DB1-0022489CA4D1
6A469C98-7E38-ED11-9DB1-0022489CA4D1,7E6805D6-7738-ED11-9DB1-0022489CA4D1
6A469C98-7E38-ED11-9DB1-0022489CA4D1,CF857232-7838-ED11-9DB1-0022489CA4D1
6A469C98-7E38-ED11-9DB1-0022489CA4D1,AFCD35BF-7838-ED11-9DB1-0022489CA4D1
6A469C98-7E38-ED11-9DB1-0022489CA4D1,150B5398-7938-ED11-9DB1-0022489CA4D1
6A469C98-7E38-ED11-9DB1-0022489CA4D1,4DD0B2A7-7A38-ED11-9DB1-0022489CA4D1
6A469C98-7E38-ED11-9DB1-0022489CA4D1,6AE5DC31-7B38-ED11-9DB1-0022489CA4D1
6A469C98-7E38-ED11-9DB1-0022489CA4D1,C7F089A4-7B38-ED11-9DB1-0022489CA4D1
6A469C98-7E38-ED11-9DB1-0022489CA4D1,9177B4C2-7B38-ED11-9DB1-0022489CA4D1
6A469C98-7E38-ED11-9DB1-0022489CA4D1,5E9C817F-7C38-ED11-9DB1-0022489CA4D1
6A469C98-7E38-ED11-9DB1-0022489CA4D1,9AC899DA-7C38-ED11-9DB1-0022489CA4D1
6A469C98-7E38-ED11-9DB1-0022489CA4D1,A52C951D-7D38-ED11-9DB1-0022489CA4D1
6A469C98-7E38-ED11-9DB1-0022489CA4D1,B30D40DB-7D38-ED11-9DB1-0022489CA4D1
6A469C98-7E38-ED11-9DB1-0022489CA4D1,1D47060C-7E38-ED11-9DB1-0022489CA4D1
6A469C98-7E38-ED11-9DB1-0022489CA4D1,F7F40230-7E38-ED11-9DB1-0022489CA4D1
6A469C98-7E38-ED11-9DB1-0022489CA4D1,73913C3D-7E38-ED11-9DB1-0022489CA4D1
513E7679-7C38-ED11-9DB1-0022489CA4D1,359E40C8-6538-ED11-9DB1-0022489CA4D1
BB857232-7838-ED11-9DB1-0022489CA4D1,B39B1FAE-6738-ED11-9DB1-0022489CA4D1
BB857232-7838-ED11-9DB1-0022489CA4D1,35004BE5-7438-ED11-9DB1-0022489CA4D1
DDF5043E-7638-ED11-9DB1-0022489CA4D1,939B1FAE-6738-ED11-9DB1-0022489CA4D1
960D40DB-7D38-ED11-9DB1-0022489CA4D1,E0EB8698-7638-ED11-9DB1-0022489CA4D1
960D40DB-7D38-ED11-9DB1-0022489CA4D1,4A58EE99-7738-ED11-9DB1-0022489CA4D1
E195969A-6D38-ED11-9DB1-0022489CA4D1,5AD4D25B-6238-ED11-9DB1-0022489CA4D1
3F2F9100-7738-ED11-9DB1-0022489CA4D1,DB480F6D-6B38-ED11-9DB1-0022489CA4D1
960E3362-7B38-ED11-9DB1-0022489CA4D1,0BC5D555-6238-ED11-9DB1-0022489CA4D1
960E3362-7B38-ED11-9DB1-0022489CA4D1,180797E4-7238-ED11-9DB1-0022489CA4D1
960E3362-7B38-ED11-9DB1-0022489CA4D1,3D75584C-7938-ED11-9DB1-0022489CA4D1
7EA805B9-6E38-ED11-9DB1-0022489CA4D1,3C578CA7-6738-ED11-9DB1-0022489CA4D1
24DD76FF-6838-ED11-9DB1-0022489CA4D1,9E5D0DB3-6E38-ED11-9DB1-0022489CA4D1
24DD76FF-6838-ED11-9DB1-0022489CA4D1,F7A2B363-7238-ED11-9DB1-0022489CA4D1
D0DE92C9-7938-ED11-9DB1-0022489CA4D1,CBC4D555-6238-ED11-9DB1-0022489CA4D1
291D44BC-6538-ED11-9DB1-0022489CA4D1,D6B5D84F-6238-ED11-9DB1-0022489CA4D1
1A004BE5-7438-ED11-9DB1-0022489CA4D1,849B1467-6B38-ED11-9DB1-0022489CA4D1
32DA9E7D-7A38-ED11-9DB1-0022489CA4D1,6D13E2B2-5F38-ED11-9DB1-0022489CA4D1
D4EB8698-7638-ED11-9DB1-0022489CA4D1,15063594-5E38-ED11-9DB1-0022489CA4D1
AFD55073-7038-ED11-9DB1-0022489CA4D1,4B307CF9-6838-ED11-9DB1-0022489CA4D1
159E5D3A-7F38-ED11-9DB1-0022489CA4D1,6113E2B2-5F38-ED11-9DB1-0022489CA4D1
159E5D3A-7F38-ED11-9DB1-0022489CA4D1,EEA27213-7638-ED11-9DB1-0022489CA4D1
159E5D3A-7F38-ED11-9DB1-0022489CA4D1,00821721-7A38-ED11-9DB1-0022489CA4D1
159E5D3A-7F38-ED11-9DB1-0022489CA4D1,02669291-7D38-ED11-9DB1-0022489CA4D1
159E5D3A-7F38-ED11-9DB1-0022489CA4D1,6062B305-7E38-ED11-9DB1-0022489CA4D1
616805D6-7738-ED11-9DB1-0022489CA4D1,FDED1261-6B38-ED11-9DB1-0022489CA4D1
B8823DB9-7838-ED11-9DB1-0022489CA4D1,08C9971C-5B38-ED11-9DB1-0022489CA4D1
90E8C857-7838-ED11-9DB1-0022489CA4D1,3F307CF9-6838-ED11-9DB1-0022489CA4D1
84E8C857-7838-ED11-9DB1-0022489CA4D1,6D51A351-7838-ED11-9DB1-0022489CA4D1
E991AE00-6A38-ED11-9DB1-0022489CA4D1,C5B11843-6238-ED11-9DB1-0022489CA4D1
283C4D2D-7A38-ED11-9DB1-0022489CA4D1,B6E42EFC-7138-ED11-9DB1-0022489CA4D1
AB7340B0-6538-ED11-9DB1-0022489CA4D1,3E6E663C-6238-ED11-9DB1-0022489CA4D1
1E603992-7938-ED11-9DB1-0022489CA4D1,E0F736E2-7638-ED11-9DB1-0022489CA4D1
1E603992-7938-ED11-9DB1-0022489CA4D1,FE5F3992-7938-ED11-9DB1-0022489CA4D1
DAEAE8F2-6838-ED11-9DB1-0022489CA4D1,266E663C-6238-ED11-9DB1-0022489CA4D1
7EC899DA-7C38-ED11-9DB1-0022489CA4D1,177834B9-5838-ED11-9DB1-0022489CA4D1
7EC899DA-7C38-ED11-9DB1-0022489CA4D1,0BA17A89-7538-ED11-9DB1-0022489CA4D1
9FF5043E-7638-ED11-9DB1-0022489CA4D1,F3B45D20-6E38-ED11-9DB1-0022489CA4D1
D1CE2C25-8438-ED11-9DB1-0022489CA4D1,2519D679-8338-ED11-9DB1-0022489CA4D1
725D0DB3-6E38-ED11-9DB1-0022489CA4D1,BEEAE8F2-6838-ED11-9DB1-0022489CA4D1
2BB7AF9A-6738-ED11-9DB1-0022489CA4D1,6FE011A4-6538-ED11-9DB1-0022489CA4D1
2BB7AF9A-6738-ED11-9DB1-0022489CA4D1,066524AA-6538-ED11-9DB1-0022489CA4D1
25E42EFC-7138-ED11-9DB1-0022489CA4D1,7993A9E9-5C38-ED11-9DB1-0022489CA4D1
6F21D7F7-7A38-ED11-9DB1-0022489CA4D1,18628FD7-7A38-ED11-9DB1-0022489CA4D1
78527011-7138-ED11-9DB1-0022489CA4D1,706580AC-5838-ED11-9DB1-0022489CA4D1
92D6601B-7438-ED11-9DB1-0022489CA4D1,8862B897-6538-ED11-9DB1-0022489CA4D1
91E7DF1A-8038-ED11-9DB1-0022489CA4D1,C244D5A5-7F38-ED11-9DB1-0022489CA4D1
E697A854-6B38-ED11-9DB1-0022489CA4D1,F221371E-6238-ED11-9DB1-0022489CA4D1
BB587442-7D38-ED11-9DB1-0022489CA4D1,2361E040-7338-ED11-9DB1-0022489CA4D1
1131730D-7638-ED11-9DB1-0022489CA4D1,DA97A854-6B38-ED11-9DB1-0022489CA4D1
1131730D-7638-ED11-9DB1-0022489CA4D1,03A48E8E-7438-ED11-9DB1-0022489CA4D1
E129D831-7738-ED11-9DB1-0022489CA4D1,6462B897-6538-ED11-9DB1-0022489CA4D1
5D3251F8-5A38-ED11-9DB1-0022489CA4D1,513251F8-5A38-ED11-9DB1-0022489CA4D1
9897BE09-6238-ED11-9DB1-0022489CA4D1,1451A1F1-5A38-ED11-9DB1-0022489CA4D1
4FB9293A-8238-ED11-9DB1-0022489CA4D1,7DE7DF1A-8038-ED11-9DB1-0022489CA4D1
ACB039D2-8138-ED11-9DB1-0022489CA4D1,CA01CBE9-7F38-ED11-9DB1-0022489CA4D1
1E0C42F9-7D38-ED11-9DB1-0022489CA4D1,621A9FD4-7C38-ED11-9DB1-0022489CA4D1
CA38B80F-7F38-ED11-9DB1-0022489CA4D1,F930730D-7638-ED11-9DB1-0022489CA4D1
CA38B80F-7F38-ED11-9DB1-0022489CA4D1,4482CA9D-7D38-ED11-9DB1-0022489CA4D1
B638B80F-7F38-ED11-9DB1-0022489CA4D1,E1659291-7D38-ED11-9DB1-0022489CA4D1
064CF1C2-7938-ED11-9DB1-0022489CA4D1,B1058B81-5E38-ED11-9DB1-0022489CA4D1
B8AC6B0A-7B38-ED11-9DB1-0022489CA4D1,9EDFCC10-7B38-ED11-9DB1-0022489CA4D1
B0A9207F-6F38-ED11-9DB1-0022489CA4D1,6B211EF7-6138-ED11-9DB1-0022489CA4D1
9D13308E-6738-ED11-9DB1-0022489CA4D1,A86C847B-5E38-ED11-9DB1-0022489CA4D1
72DE48C9-7D38-ED11-9DB1-0022489CA4D1,9F29D831-7738-ED11-9DB1-0022489CA4D1
0C390279-6F38-ED11-9DB1-0022489CA4D1,39211EF7-6138-ED11-9DB1-0022489CA4D1
BBFDFB18-7C38-ED11-9DB1-0022489CA4D1,00823DB9-7838-ED11-9DB1-0022489CA4D1
41AB649E-4138-ED11-9DB1-0022489CA4D1,D2EEA448-6B38-ED11-9DB1-0022489CA4D1
B4B51E56-7B38-ED11-9DB1-0022489CA4D1,8C80F6E0-6838-ED11-9DB1-0022489CA4D1
003F6D49-3E38-ED11-9DB1-0022489CA4D1,2A78E687-7738-ED11-9DB1-0022489CA4D1
9F0E1137-7C38-ED11-9DB1-0022489CA4D1,CC2B49DF-7438-ED11-9DB1-0022489CA4D1
DBE11C50-7B38-ED11-9DB1-0022489CA4D1,D2807E88-7438-ED11-9DB1-0022489CA4D1
3E1E98EC-7C38-ED11-9DB1-0022489CA4D1,6837ACA1-7A38-ED11-9DB1-0022489CA4D1
3572F1B5-7C38-ED11-9DB1-0022489CA4D1,E69EEEB9-7338-ED11-9DB1-0022489CA4D1
9938B80F-7F38-ED11-9DB1-0022489CA4D1,9E3BD6D4-6838-ED11-9DB1-0022489CA4D1
30ABCD03-7938-ED11-9DB1-0022489CA4D1,AA56A2CE-6838-ED11-9DB1-0022489CA4D1
30ABCD03-7938-ED11-9DB1-0022489CA4D1,1BF47F83-7538-ED11-9DB1-0022489CA4D1
768D6252-7F38-ED11-9DB1-0022489CA4D1,DBCC7673-7C38-ED11-9DB1-0022489CA4D1
E1A3B8A6-6E38-ED11-9DB1-0022489CA4D1,3609848D-5838-ED11-9DB1-0022489CA4D1
7435E760-7038-ED11-9DB1-0022489CA4D1,81865075-5E38-ED11-9DB1-0022489CA4D1
63AA4D05-7138-ED11-9DB1-0022489CA4D1,585C6C88-5F38-ED11-9DB1-0022489CA4D1
9C785515-7438-ED11-9DB1-0022489CA4D1,739D60E7-6938-ED11-9DB1-0022489CA4D1
36C45492-7B38-ED11-9DB1-0022489CA4D1,681C94BE-5C38-ED11-9DB1-0022489CA4D1
294B9392-7E38-ED11-9DB1-0022489CA4D1,0D4B9392-7E38-ED11-9DB1-0022489CA4D1
294B9392-7E38-ED11-9DB1-0022489CA4D1,1D4B9392-7E38-ED11-9DB1-0022489CA4D1
23ABCD03-7938-ED11-9DB1-0022489CA4D1,5A1C94BE-5C38-ED11-9DB1-0022489CA4D1
45914988-6D38-ED11-9DB1-0022489CA4D1,35BE317C-6738-ED11-9DB1-0022489CA4D1
22EECCB0-4A38-ED11-9DB1-0022489CA4D1,46E5DC31-7B38-ED11-9DB1-0022489CA4D1
D4884B76-8038-ED11-9DB1-0022489CA4D1,A9884B76-8038-ED11-9DB1-0022489CA4D1
6DC021C3-6C38-ED11-9DB1-0022489CA4D1,6021478C-4C38-ED11-9DB1-0022489CA4D1
88B49E5F-4238-ED11-9DB1-0022489CA4D1,8B3B5FE3-7538-ED11-9DB1-0022489CA4D1
1C51A351-7838-ED11-9DB1-0022489CA4D1,CE485CB9-6138-ED11-9DB1-0022489CA4D1
2572F1B5-7C38-ED11-9DB1-0022489CA4D1,8308C1D8-5A38-ED11-9DB1-0022489CA4D1
CFCC7673-7C38-ED11-9DB1-0022489CA4D1,DA4BF1C2-7938-ED11-9DB1-0022489CA4D1
0F875536-6B38-ED11-9DB1-0022489CA4D1,B67B107C-5F38-ED11-9DB1-0022489CA4D1
110BAAC8-6838-ED11-9DB1-0022489CA4D1,42E06280-5738-ED11-9DB1-0022489CA4D1
6395E185-7E38-ED11-9DB1-0022489CA4D1,8710D2C9-7738-ED11-9DB1-0022489CA4D1
6395E185-7E38-ED11-9DB1-0022489CA4D1,28EFC6BC-7938-ED11-9DB1-0022489CA4D1
6395E185-7E38-ED11-9DB1-0022489CA4D1,73F6619E-7B38-ED11-9DB1-0022489CA4D1
E3037626-7838-ED11-9DB1-0022489CA4D1,324E7B62-4B38-ED11-9DB1-0022489CA4D1
76C0C274-7F38-ED11-9DB1-0022489CA4D1,8C127281-5838-ED11-9DB1-0022489CA4D1
76C0C274-7F38-ED11-9DB1-0022489CA4D1,0EBE317C-6738-ED11-9DB1-0022489CA4D1
76C0C274-7F38-ED11-9DB1-0022489CA4D1,53EFEA72-6F38-ED11-9DB1-0022489CA4D1
76C0C274-7F38-ED11-9DB1-0022489CA4D1,9FC6DB83-7338-ED11-9DB1-0022489CA4D1
76C0C274-7F38-ED11-9DB1-0022489CA4D1,CF68580F-7438-ED11-9DB1-0022489CA4D1
76C0C274-7F38-ED11-9DB1-0022489CA4D1,031F7E7D-7538-ED11-9DB1-0022489CA4D1
76C0C274-7F38-ED11-9DB1-0022489CA4D1,43A18E92-7638-ED11-9DB1-0022489CA4D1
76C0C274-7F38-ED11-9DB1-0022489CA4D1,7B10D2C9-7738-ED11-9DB1-0022489CA4D1
76C0C274-7F38-ED11-9DB1-0022489CA4D1,5ED9A0F1-7A38-ED11-9DB1-0022489CA4D1
76C0C274-7F38-ED11-9DB1-0022489CA4D1,F7E3B404-7D38-ED11-9DB1-0022489CA4D1
76C0C274-7F38-ED11-9DB1-0022489CA4D1,D3A51112-7E38-ED11-9DB1-0022489CA4D1
AEE6743C-7D38-ED11-9DB1-0022489CA4D1,F77851AD-6138-ED11-9DB1-0022489CA4D1
AEE6743C-7D38-ED11-9DB1-0022489CA4D1,3FB6A73A-7338-ED11-9DB1-0022489CA4D1
AEE6743C-7D38-ED11-9DB1-0022489CA4D1,D1037626-7838-ED11-9DB1-0022489CA4D1
AEE6743C-7D38-ED11-9DB1-0022489CA4D1,CA8DC0DA-7B38-ED11-9DB1-0022489CA4D1
10701D4A-7B38-ED11-9DB1-0022489CA4D1,0BEFC6BC-7938-ED11-9DB1-0022489CA4D1
9FC2E082-3D38-ED11-9DB1-0022489CA4D1,3D25362B-3C38-ED11-9DB1-0022489CA4D1
ECF8F929-7E38-ED11-9DB1-0022489CA4D1,B5BD0176-7838-ED11-9DB1-0022489CA4D1
ECF8F929-7E38-ED11-9DB1-0022489CA4D1,F26F1D4A-7B38-ED11-9DB1-0022489CA4D1
ECF8F929-7E38-ED11-9DB1-0022489CA4D1,019C7C36-7D38-ED11-9DB1-0022489CA4D1
93C6DB83-7338-ED11-9DB1-0022489CA4D1,6EFBACC2-6838-ED11-9DB1-0022489CA4D1
40C518BD-6C38-ED11-9DB1-0022489CA4D1,4ABA3E75-5838-ED11-9DB1-0022489CA4D1
40C518BD-6C38-ED11-9DB1-0022489CA4D1,0F51DA94-7838-ED11-9DB1-0022489CA4D1
E56854A7-6138-ED11-9DB1-0022489CA4D1,E1043BE1-6938-ED11-9DB1-0022489CA4D1
DD3F0184-5138-ED11-9DB1-0022489CA4D1,A95740DB-6938-ED11-9DB1-0022489CA4D1
79A2208D-4F38-ED11-9DB1-0022489CA4D1,9B92E00F-3F38-ED11-9DB1-0022489CA4D1
79A2208D-4F38-ED11-9DB1-0022489CA4D1,9E825F63-7738-ED11-9DB1-0022489CA4D1
3182CA9D-7D38-ED11-9DB1-0022489CA4D1,3AE5DC31-7B38-ED11-9DB1-0022489CA4D1
FD9D5D3A-7F38-ED11-9DB1-0022489CA4D1,8F1D5CA1-6138-ED11-9DB1-0022489CA4D1
FD9D5D3A-7F38-ED11-9DB1-0022489CA4D1,7E480A38-7638-ED11-9DB1-0022489CA4D1
FD9D5D3A-7F38-ED11-9DB1-0022489CA4D1,8DD4C5F3-7938-ED11-9DB1-0022489CA4D1
FD9D5D3A-7F38-ED11-9DB1-0022489CA4D1,95C41831-7C38-ED11-9DB1-0022489CA4D1
35017A43-7E38-ED11-9DB1-0022489CA4D1,57F0642A-6B38-ED11-9DB1-0022489CA4D1
7F3B5FE3-7538-ED11-9DB1-0022489CA4D1,52311876-5F38-ED11-9DB1-0022489CA4D1
7F3B5FE3-7538-ED11-9DB1-0022489CA4D1,D2DDA566-6538-ED11-9DB1-0022489CA4D1
74311876-5F38-ED11-9DB1-0022489CA4D1,9CA252C6-5A38-ED11-9DB1-0022489CA4D1
8CC6D9C3-7738-ED11-9DB1-0022489CA4D1,9E7E4ED9-7438-ED11-9DB1-0022489CA4D1
A1A48B52-8238-ED11-9DB1-0022489CA4D1,783A0AF0-8038-ED11-9DB1-0022489CA4D1
8BC1D9B0-8338-ED11-9DB1-0022489CA4D1,0B60829F-7F38-ED11-9DB1-0022489CA4D1
DD3C2523-5138-ED11-9DB1-0022489CA4D1,E21AD68E-7838-ED11-9DB1-0022489CA4D1
DD3C2523-5138-ED11-9DB1-0022489CA4D1,529C817F-7C38-ED11-9DB1-0022489CA4D1
AE6F1D4A-7B38-ED11-9DB1-0022489CA4D1,AC807E88-7438-ED11-9DB1-0022489CA4D1
7A202B82-6D38-ED11-9DB1-0022489CA4D1,0748A14A-7238-ED11-9DB1-0022489CA4D1
73A25DF3-7038-ED11-9DB1-0022489CA4D1,106F466F-5838-ED11-9DB1-0022489CA4D1
73A25DF3-7038-ED11-9DB1-0022489CA4D1,F0FEB75F-6538-ED11-9DB1-0022489CA4D1
6602B409-7F38-ED11-9DB1-0022489CA4D1,659BE299-5C38-ED11-9DB1-0022489CA4D1
6602B409-7F38-ED11-9DB1-0022489CA4D1,F7618FD7-7A38-ED11-9DB1-0022489CA4D1
21485C5D-5E38-ED11-9DB1-0022489CA4D1,5F972FAD-5A38-ED11-9DB1-0022489CA4D1
4E8C43CF-7D38-ED11-9DB1-0022489CA4D1,E9575957-5838-ED11-9DB1-0022489CA4D1
123C78C6-7E38-ED11-9DB1-0022489CA4D1,BA94C54D-6538-ED11-9DB1-0022489CA4D1
B37CDEB3-7338-ED11-9DB1-0022489CA4D1,6B94C54D-6538-ED11-9DB1-0022489CA4D1
B6E182BA-7E38-ED11-9DB1-0022489CA4D1,545DF882-6138-ED11-9DB1-0022489CA4D1
B6E182BA-7E38-ED11-9DB1-0022489CA4D1,18C518BD-6C38-ED11-9DB1-0022489CA4D1
B6E182BA-7E38-ED11-9DB1-0022489CA4D1,30DFDF81-7738-ED11-9DB1-0022489CA4D1
B6E182BA-7E38-ED11-9DB1-0022489CA4D1,9300AAB9-7A38-ED11-9DB1-0022489CA4D1
B6E182BA-7E38-ED11-9DB1-0022489CA4D1,DF1D98EC-7C38-ED11-9DB1-0022489CA4D1
425AC86B-7F38-ED11-9DB1-0022489CA4D1,AF073140-7938-ED11-9DB1-0022489CA4D1
425AC86B-7F38-ED11-9DB1-0022489CA4D1,97617304-7B38-ED11-9DB1-0022489CA4D1
425AC86B-7F38-ED11-9DB1-0022489CA4D1,70878AFE-7C38-ED11-9DB1-0022489CA4D1
425AC86B-7F38-ED11-9DB1-0022489CA4D1,A0A51112-7E38-ED11-9DB1-0022489CA4D1
74E7CF9D-7C38-ED11-9DB1-0022489CA4D1,61385F57-5E38-ED11-9DB1-0022489CA4D1
2F1A5015-7538-ED11-9DB1-0022489CA4D1,95587442-7D38-ED11-9DB1-0022489CA4D1
87085E54-7038-ED11-9DB1-0022489CA4D1,A6292270-6738-ED11-9DB1-0022489CA4D1
F1D0D6B6-8338-ED11-9DB1-0022489CA4D1,51B90D65-8138-ED11-9DB1-0022489CA4D1
F1D0D6B6-8338-ED11-9DB1-0022489CA4D1,9A2B415A-8338-ED11-9DB1-0022489CA4D1
3C5C1670-5F38-ED11-9DB1-0022489CA4D1,1788146A-5F38-ED11-9DB1-0022489CA4D1
9815C266-7D38-ED11-9DB1-0022489CA4D1,73085E54-7038-ED11-9DB1-0022489CA4D1
9815C266-7D38-ED11-9DB1-0022489CA4D1,0BD48577-7538-ED11-9DB1-0022489CA4D1
C936BA58-7F38-ED11-9DB1-0022489CA4D1,1B05C576-6138-ED11-9DB1-0022489CA4D1
F42EABA0-5A38-ED11-9DB1-0022489CA4D1,05506B61-7E38-ED11-9DB1-0022489CA4D1
32D1D6B6-8338-ED11-9DB1-0022489CA4D1,12AA0CD1-8238-ED11-9DB1-0022489CA4D1
08E3B92C-8138-ED11-9DB1-0022489CA4D1,1611AA06-8438-ED11-9DB1-0022489CA4D1
CD8A45ED-7D38-ED11-9DB1-0022489CA4D1,7EBA62D7-7538-ED11-9DB1-0022489CA4D1
5A913C3D-7E38-ED11-9DB1-0022489CA4D1,01B514C9-6938-ED11-9DB1-0022489CA4D1
5A913C3D-7E38-ED11-9DB1-0022489CA4D1,DFABC59A-6E38-ED11-9DB1-0022489CA4D1
5A913C3D-7E38-ED11-9DB1-0022489CA4D1,1B9DDD85-7138-ED11-9DB1-0022489CA4D1
5A913C3D-7E38-ED11-9DB1-0022489CA4D1,47F44CCC-7238-ED11-9DB1-0022489CA4D1
5A913C3D-7E38-ED11-9DB1-0022489CA4D1,231A5015-7538-ED11-9DB1-0022489CA4D1
5A913C3D-7E38-ED11-9DB1-0022489CA4D1,49BA62D7-7538-ED11-9DB1-0022489CA4D1
5A913C3D-7E38-ED11-9DB1-0022489CA4D1,43F47820-7838-ED11-9DB1-0022489CA4D1
5A913C3D-7E38-ED11-9DB1-0022489CA4D1,4AD9A0F1-7A38-ED11-9DB1-0022489CA4D1
5A913C3D-7E38-ED11-9DB1-0022489CA4D1,A9FDFB18-7C38-ED11-9DB1-0022489CA4D1
365AC86B-7F38-ED11-9DB1-0022489CA4D1,43930BB1-6C38-ED11-9DB1-0022489CA4D1
F616C03B-6538-ED11-9DB1-0022489CA4D1,F9593839-5838-ED11-9DB1-0022489CA4D1
5E878AFE-7C38-ED11-9DB1-0022489CA4D1,4E259144-7238-ED11-9DB1-0022489CA4D1
1198C126-8138-ED11-9DB1-0022489CA4D1,721AB6E3-7F38-ED11-9DB1-0022489CA4D1
BDD1858F-8138-ED11-9DB1-0022489CA4D1,32DE85BE-7F38-ED11-9DB1-0022489CA4D1
9453CF56-6F38-ED11-9DB1-0022489CA4D1,41202B82-6D38-ED11-9DB1-0022489CA4D1
FCB2A631-7638-ED11-9DB1-0022489CA4D1,30296251-5E38-ED11-9DB1-0022489CA4D1
E95397FF-7D38-ED11-9DB1-0022489CA4D1,33D05109-7438-ED11-9DB1-0022489CA4D1
58C6D9C3-7738-ED11-9DB1-0022489CA4D1,E3593839-5838-ED11-9DB1-0022489CA4D1
58C6D9C3-7738-ED11-9DB1-0022489CA4D1,85BDDE4A-6F38-ED11-9DB1-0022489CA4D1
926D547D-7338-ED11-9DB1-0022489CA4D1,2BE5E387-5C38-ED11-9DB1-0022489CA4D1
926D547D-7338-ED11-9DB1-0022489CA4D1,02462364-6738-ED11-9DB1-0022489CA4D1
62ABC59A-6E38-ED11-9DB1-0022489CA4D1,32D5045E-6738-ED11-9DB1-0022489CA4D1
BF8A45ED-7D38-ED11-9DB1-0022489CA4D1,F6D4045E-6738-ED11-9DB1-0022489CA4D1
BF8A45ED-7D38-ED11-9DB1-0022489CA4D1,7CB0FDB2-7838-ED11-9DB1-0022489CA4D1
BF8A45ED-7D38-ED11-9DB1-0022489CA4D1,BFC31831-7C38-ED11-9DB1-0022489CA4D1
02B90D65-8138-ED11-9DB1-0022489CA4D1,783C225E-8138-ED11-9DB1-0022489CA4D1
AEE6CF9D-7C38-ED11-9DB1-0022489CA4D1,5EE8A929-6538-ED11-9DB1-0022489CA4D1
CC75CB6F-7838-ED11-9DB1-0022489CA4D1,3016BA7B-5C38-ED11-9DB1-0022489CA4D1
DFF40230-7E38-ED11-9DB1-0022489CA4D1,C427DB02-7438-ED11-9DB1-0022489CA4D1
DFF40230-7E38-ED11-9DB1-0022489CA4D1,E4966D1A-7838-ED11-9DB1-0022489CA4D1
DFF40230-7E38-ED11-9DB1-0022489CA4D1,8F18212B-7B38-ED11-9DB1-0022489CA4D1
DFF40230-7E38-ED11-9DB1-0022489CA4D1,E06F4917-7D38-ED11-9DB1-0022489CA4D1
2FF8DD3F-6138-ED11-9DB1-0022489CA4D1,014B9392-7E38-ED11-9DB1-0022489CA4D1
594CFD50-6738-ED11-9DB1-0022489CA4D1,28E3EB20-5838-ED11-9DB1-0022489CA4D1
1A02B409-7F38-ED11-9DB1-0022489CA4D1,04F8DD3F-6138-ED11-9DB1-0022489CA4D1
1A02B409-7F38-ED11-9DB1-0022489CA4D1,01E498FA-7638-ED11-9DB1-0022489CA4D1
1A02B409-7F38-ED11-9DB1-0022489CA4D1,E4FFA9B9-7A38-ED11-9DB1-0022489CA4D1
1A02B409-7F38-ED11-9DB1-0022489CA4D1,4B1A9FD4-7C38-ED11-9DB1-0022489CA4D1
786D547D-7338-ED11-9DB1-0022489CA4D1,A57FF1C2-6938-ED11-9DB1-0022489CA4D1
A4E182BA-7E38-ED11-9DB1-0022489CA4D1,392CEBAC-7838-ED11-9DB1-0022489CA4D1
A4E182BA-7E38-ED11-9DB1-0022489CA4D1,31FE42D5-7D38-ED11-9DB1-0022489CA4D1
0E379EF4-7638-ED11-9DB1-0022489CA4D1,E83724FA-6A38-ED11-9DB1-0022489CA4D1
0E379EF4-7638-ED11-9DB1-0022489CA4D1,0C5F1EE7-7038-ED11-9DB1-0022489CA4D1
DBF34CCC-7238-ED11-9DB1-0022489CA4D1,2A259144-7238-ED11-9DB1-0022489CA4D1
DBF34CCC-7238-ED11-9DB1-0022489CA4D1,56F34CCC-7238-ED11-9DB1-0022489CA4D1
D6358FA3-6C38-ED11-9DB1-0022489CA4D1,6C5D4A7C-5A38-ED11-9DB1-0022489CA4D1
079E2E76-6D38-ED11-9DB1-0022489CA4D1,7E70946D-5C38-ED11-9DB1-0022489CA4D1
B96D8FB6-7B38-ED11-9DB1-0022489CA4D1,9A125276-5A38-ED11-9DB1-0022489CA4D1
B96D8FB6-7B38-ED11-9DB1-0022489CA4D1,1C2CEBAC-7838-ED11-9DB1-0022489CA4D1
5A48233A-7938-ED11-9DB1-0022489CA4D1,BEEF9933-6138-ED11-9DB1-0022489CA4D1
6308B58F-7A38-ED11-9DB1-0022489CA4D1,D053FA2A-7C38-ED11-9DB1-0022489CA4D1
1A54DABD-7738-ED11-9DB1-0022489CA4D1,B2EF9933-6138-ED11-9DB1-0022489CA4D1
7ABCAE99-4738-ED11-9DB1-0022489CA4D1,7B0EEA1A-5838-ED11-9DB1-0022489CA4D1
FC3B78C6-7E38-ED11-9DB1-0022489CA4D1,41C91BEE-6A38-ED11-9DB1-0022489CA4D1
FC3B78C6-7E38-ED11-9DB1-0022489CA4D1,1D6E51D3-7438-ED11-9DB1-0022489CA4D1
1E259144-7238-ED11-9DB1-0022489CA4D1,3DB9A3B6-7938-ED11-9DB1-0022489CA4D1
87C4709D-6C38-ED11-9DB1-0022489CA4D1,9B156AFD-7838-ED11-9DB1-0022489CA4D1
87C4709D-6C38-ED11-9DB1-0022489CA4D1,AF36BA58-7F38-ED11-9DB1-0022489CA4D1
D79DB123-6538-ED11-9DB1-0022489CA4D1,401B982D-6138-ED11-9DB1-0022489CA4D1
F3022181-7F38-ED11-9DB1-0022489CA4D1,5881D5AD-7338-ED11-9DB1-0022489CA4D1
F3022181-7F38-ED11-9DB1-0022489CA4D1,EBD99E7D-7A38-ED11-9DB1-0022489CA4D1
F3022181-7F38-ED11-9DB1-0022489CA4D1,8408878B-7D38-ED11-9DB1-0022489CA4D1
F3022181-7F38-ED11-9DB1-0022489CA4D1,11AE0124-7E38-ED11-9DB1-0022489CA4D1
014CFD50-6738-ED11-9DB1-0022489CA4D1,19829127-6138-ED11-9DB1-0022489CA4D1
1E178200-8438-ED11-9DB1-0022489CA4D1,B32B4099-7F38-ED11-9DB1-0022489CA4D1
1E178200-8438-ED11-9DB1-0022489CA4D1,C1744046-8238-ED11-9DB1-0022489CA4D1
36CB4B5F-7A38-ED11-9DB1-0022489CA4D1,C3A6EB01-6E38-ED11-9DB1-0022489CA4D1
E370F900-7C38-ED11-9DB1-0022489CA4D1,EB12282E-7338-ED11-9DB1-0022489CA4D1
2FCEC05A-7D38-ED11-9DB1-0022489CA4D1,D1794B70-5A38-ED11-9DB1-0022489CA4D1
7385793F-7538-ED11-9DB1-0022489CA4D1,0D829127-6138-ED11-9DB1-0022489CA4D1
F4A89FD2-7E38-ED11-9DB1-0022489CA4D1,059AE0DD-7138-ED11-9DB1-0022489CA4D1
D89BF473-7938-ED11-9DB1-0022489CA4D1,2935F9BC-6938-ED11-9DB1-0022489CA4D1
4C81D5AD-7338-ED11-9DB1-0022489CA4D1,28565C1D-6538-ED11-9DB1-0022489CA4D1
84B38A0C-7838-ED11-9DB1-0022489CA4D1,9A822EC6-7238-ED11-9DB1-0022489CA4D1
59B7BB03-7F38-ED11-9DB1-0022489CA4D1,EEBD6F3F-5E38-ED11-9DB1-0022489CA4D1
A5B4B1B3-7A38-ED11-9DB1-0022489CA4D1,6B18563E-7238-ED11-9DB1-0022489CA4D1
3F62B305-7E38-ED11-9DB1-0022489CA4D1,F68DE07F-7138-ED11-9DB1-0022489CA4D1
3F62B305-7E38-ED11-9DB1-0022489CA4D1,F0B962D7-7538-ED11-9DB1-0022489CA4D1
3F62B305-7E38-ED11-9DB1-0022489CA4D1,2DB9A3B6-7938-ED11-9DB1-0022489CA4D1
7BC41F15-7A38-ED11-9DB1-0022489CA4D1,6DF8160E-5838-ED11-9DB1-0022489CA4D1
7BC41F15-7A38-ED11-9DB1-0022489CA4D1,0B15CD76-7338-ED11-9DB1-0022489CA4D1
84617304-7B38-ED11-9DB1-0022489CA4D1,906DEA40-7A38-ED11-9DB1-0022489CA4D1
77C264EE-8338-ED11-9DB1-0022489CA4D1,6337F394-8238-ED11-9DB1-0022489CA4D1
21907A70-8238-ED11-9DB1-0022489CA4D1,0D907A70-8238-ED11-9DB1-0022489CA4D1
2A5AC86B-7F38-ED11-9DB1-0022489CA4D1,4996A925-7738-ED11-9DB1-0022489CA4D1
2A5AC86B-7F38-ED11-9DB1-0022489CA4D1,846DEA40-7A38-ED11-9DB1-0022489CA4D1
2A5AC86B-7F38-ED11-9DB1-0022489CA4D1,5695E185-7E38-ED11-9DB1-0022489CA4D1
2A5AC86B-7F38-ED11-9DB1-0022489CA4D1,B2A89FD2-7E38-ED11-9DB1-0022489CA4D1
CA97A7B1-4F38-ED11-9DB1-0022489CA4D1,86C07569-6D38-ED11-9DB1-0022489CA4D1
EB60DB43-7B38-ED11-9DB1-0022489CA4D1,28655B33-5E38-ED11-9DB1-0022489CA4D1
EB60DB43-7B38-ED11-9DB1-0022489CA4D1,6CE593FC-6038-ED11-9DB1-0022489CA4D1
4ABD212F-5138-ED11-9DB1-0022489CA4D1,A68DB101-5838-ED11-9DB1-0022489CA4D1
B68ED4FC-7338-ED11-9DB1-0022489CA4D1,BAD8C8EE-6038-ED11-9DB1-0022489CA4D1
9BA97F6D-7E38-ED11-9DB1-0022489CA4D1,3378A1DB-6A38-ED11-9DB1-0022489CA4D1
9B9B4D34-3F38-ED11-9DB1-0022489CA4D1,AFB3F67E-7D38-ED11-9DB1-0022489CA4D1
BEB9EBA6-7838-ED11-9DB1-0022489CA4D1,AE6FE7FB-6D38-ED11-9DB1-0022489CA4D1
112B913E-6F38-ED11-9DB1-0022489CA4D1,71F38ED5-6A38-ED11-9DB1-0022489CA4D1
112B913E-6F38-ED11-9DB1-0022489CA4D1,F87A5997-6C38-ED11-9DB1-0022489CA4D1
112B913E-6F38-ED11-9DB1-0022489CA4D1,732CF362-6D38-ED11-9DB1-0022489CA4D1
112B913E-6F38-ED11-9DB1-0022489CA4D1,A750D08E-6E38-ED11-9DB1-0022489CA4D1
E1760C3E-3938-ED11-9DB1-0022489CA4D1,A42601FB-7B38-ED11-9DB1-0022489CA4D1
E1760C3E-3938-ED11-9DB1-0022489CA4D1,7EE0D578-7D38-ED11-9DB1-0022489CA4D1
A853FA2A-7C38-ED11-9DB1-0022489CA4D1,071A5015-7538-ED11-9DB1-0022489CA4D1
A853FA2A-7C38-ED11-9DB1-0022489CA4D1,6D7224B1-7638-ED11-9DB1-0022489CA4D1
7808878B-7D38-ED11-9DB1-0022489CA4D1,6C08878B-7D38-ED11-9DB1-0022489CA4D1
A4A65638-7238-ED11-9DB1-0022489CA4D1,A2D9370B-6538-ED11-9DB1-0022489CA4D1
84A89FD2-7E38-ED11-9DB1-0022489CA4D1,B4F4174C-5A38-ED11-9DB1-0022489CA4D1
84A89FD2-7E38-ED11-9DB1-0022489CA4D1,265F597F-6838-ED11-9DB1-0022489CA4D1
84A89FD2-7E38-ED11-9DB1-0022489CA4D1,517D9638-6F38-ED11-9DB1-0022489CA4D1
84A89FD2-7E38-ED11-9DB1-0022489CA4D1,8A272CAB-7638-ED11-9DB1-0022489CA4D1
84A89FD2-7E38-ED11-9DB1-0022489CA4D1,E9CA4B5F-7A38-ED11-9DB1-0022489CA4D1
84A89FD2-7E38-ED11-9DB1-0022489CA4D1,911F7C6D-7C38-ED11-9DB1-0022489CA4D1
84A89FD2-7E38-ED11-9DB1-0022489CA4D1,19FE42D5-7D38-ED11-9DB1-0022489CA4D1
00AA0CD1-8238-ED11-9DB1-0022489CA4D1,27B9293A-8238-ED11-9DB1-0022489CA4D1
5A0E9BE6-7C38-ED11-9DB1-0022489CA4D1,9EDFE579-7138-ED11-9DB1-0022489CA4D1
5D75CB6F-7838-ED11-9DB1-0022489CA4D1,8BF4174C-5A38-ED11-9DB1-0022489CA4D1
1A421205-6538-ED11-9DB1-0022489CA4D1,B4411205-6538-ED11-9DB1-0022489CA4D1
556AC2D5-6038-ED11-9DB1-0022489CA4D1,A773734F-5C38-ED11-9DB1-0022489CA4D1
556AC2D5-6038-ED11-9DB1-0022489CA4D1,B473734F-5C38-ED11-9DB1-0022489CA4D1
D89C1F19-8438-ED11-9DB1-0022489CA4D1,7BC644DD-8238-ED11-9DB1-0022489CA4D1
A17231C0-7238-ED11-9DB1-0022489CA4D1,FFCF92DA-7038-ED11-9DB1-0022489CA4D1
0495ED73-7138-ED11-9DB1-0022489CA4D1,B975FD3D-6738-ED11-9DB1-0022489CA4D1
9134B23B-7038-ED11-9DB1-0022489CA4D1,4C6DBB3F-5F38-ED11-9DB1-0022489CA4D1
CC94ED73-7138-ED11-9DB1-0022489CA4D1,90033649-5C38-ED11-9DB1-0022489CA4D1
926D8FB6-7B38-ED11-9DB1-0022489CA4D1,073FC769-7838-ED11-9DB1-0022489CA4D1
CBCC8C8C-7638-ED11-9DB1-0022489CA4D1,EF195015-7538-ED11-9DB1-0022489CA4D1
3062F3A4-7E38-ED11-9DB1-0022489CA4D1,B50C1156-7638-ED11-9DB1-0022489CA4D1
3062F3A4-7E38-ED11-9DB1-0022489CA4D1,CCD36FB0-7938-ED11-9DB1-0022489CA4D1
3062F3A4-7E38-ED11-9DB1-0022489CA4D1,7C53FA2A-7C38-ED11-9DB1-0022489CA4D1
3062F3A4-7E38-ED11-9DB1-0022489CA4D1,F8D3B7AA-7D38-ED11-9DB1-0022489CA4D1
E80D1421-4338-ED11-9DB1-0022489CA4D1,5E1AE127-7338-ED11-9DB1-0022489CA4D1
9DBC2F59-7A38-ED11-9DB1-0022489CA4D1,194087F2-6438-ED11-9DB1-0022489CA4D1
9DBC2F59-7A38-ED11-9DB1-0022489CA4D1,C8EA9164-7538-ED11-9DB1-0022489CA4D1
DDC553AA-7938-ED11-9DB1-0022489CA4D1,EC074E0F-5E38-ED11-9DB1-0022489CA4D1
5D7231C0-7238-ED11-9DB1-0022489CA4D1,BB6F263D-5C38-ED11-9DB1-0022489CA4D1
5396DD72-7D38-ED11-9DB1-0022489CA4D1,86DCF637-6738-ED11-9DB1-0022489CA4D1
AE6FDBB1-7738-ED11-9DB1-0022489CA4D1,4899EFB6-6A38-ED11-9DB1-0022489CA4D1
0763AA9B-7A38-ED11-9DB1-0022489CA4D1,C311A235-7038-ED11-9DB1-0022489CA4D1
1D0E9BE6-7C38-ED11-9DB1-0022489CA4D1,C220C8B1-6038-ED11-9DB1-0022489CA4D1
72BEA40C-8438-ED11-9DB1-0022489CA4D1,161AED26-8038-ED11-9DB1-0022489CA4D1
F262AA9B-7A38-ED11-9DB1-0022489CA4D1,50D5CFAB-6038-ED11-9DB1-0022489CA4D1
F262AA9B-7A38-ED11-9DB1-0022489CA4D1,088A9A26-6F38-ED11-9DB1-0022489CA4D1
7A1526BA-7238-ED11-9DB1-0022489CA4D1,E198EFB6-6A38-ED11-9DB1-0022489CA4D1
C67CF7F0-7E38-ED11-9DB1-0022489CA4D1,0B92FE31-6738-ED11-9DB1-0022489CA4D1
391AE127-7338-ED11-9DB1-0022489CA4D1,F189D7A5-6038-ED11-9DB1-0022489CA4D1
C9AB6145-7838-ED11-9DB1-0022489CA4D1,2C06D888-6E38-ED11-9DB1-0022489CA4D1
FA49F56D-7138-ED11-9DB1-0022489CA4D1,F4D04909-5E38-ED11-9DB1-0022489CA4D1
92E641D1-7538-ED11-9DB1-0022489CA4D1,A518D430-5C38-ED11-9DB1-0022489CA4D1
92E641D1-7538-ED11-9DB1-0022489CA4D1,DAB63673-6838-ED11-9DB1-0022489CA4D1
A9422527-7A38-ED11-9DB1-0022489CA4D1,CF5D4E99-6038-ED11-9DB1-0022489CA4D1
A9422527-7A38-ED11-9DB1-0022489CA4D1,9CBBDF82-6E38-ED11-9DB1-0022489CA4D1
06464E0F-7538-ED11-9DB1-0022489CA4D1,915C4E99-6038-ED11-9DB1-0022489CA4D1
47D2DE56-6D38-ED11-9DB1-0022489CA4D1,C0C42893-6038-ED11-9DB1-0022489CA4D1
6327D8DB-7638-ED11-9DB1-0022489CA4D1,790B1D6D-6838-ED11-9DB1-0022489CA4D1
6327D8DB-7638-ED11-9DB1-0022489CA4D1,6ABBDF82-6E38-ED11-9DB1-0022489CA4D1
76A0FCAA-6A38-ED11-9DB1-0022489CA4D1,C08370A4-6A38-ED11-9DB1-0022489CA4D1
C5426A4C-7F38-ED11-9DB1-0022489CA4D1,45C02467-6838-ED11-9DB1-0022489CA4D1
C5426A4C-7F38-ED11-9DB1-0022489CA4D1,3829C2D7-7138-ED11-9DB1-0022489CA4D1
C5426A4C-7F38-ED11-9DB1-0022489CA4D1,29D4DAA7-7338-ED11-9DB1-0022489CA4D1
C5426A4C-7F38-ED11-9DB1-0022489CA4D1,B7F37C06-7838-ED11-9DB1-0022489CA4D1
C5426A4C-7F38-ED11-9DB1-0022489CA4D1,F19BF1CD-7C38-ED11-9DB1-0022489CA4D1
81C42893-6038-ED11-9DB1-0022489CA4D1,9918D430-5C38-ED11-9DB1-0022489CA4D1
57593D2E-7F38-ED11-9DB1-0022489CA4D1,15D27EE6-6438-ED11-9DB1-0022489CA4D1
57593D2E-7F38-ED11-9DB1-0022489CA4D1,7E31E57B-7738-ED11-9DB1-0022489CA4D1
E79B7C36-7D38-ED11-9DB1-0022489CA4D1,921D99AA-6938-ED11-9DB1-0022489CA4D1
E79B7C36-7D38-ED11-9DB1-0022489CA4D1,F6454E0F-7538-ED11-9DB1-0022489CA4D1
E79B7C36-7D38-ED11-9DB1-0022489CA4D1,0BAB6145-7838-ED11-9DB1-0022489CA4D1
A8B6F4AC-3D38-ED11-9DB1-0022489CA4D1,510B1D6D-6838-ED11-9DB1-0022489CA4D1
A8B6F4AC-3D38-ED11-9DB1-0022489CA4D1,5D0B1D6D-6838-ED11-9DB1-0022489CA4D1
AA06CAA9-7C38-ED11-9DB1-0022489CA4D1,66BFD67C-6E38-ED11-9DB1-0022489CA4D1
A5F37C06-7838-ED11-9DB1-0022489CA4D1,0FD4DAA7-7338-ED11-9DB1-0022489CA4D1
05AE0124-7E38-ED11-9DB1-0022489CA4D1,E3A9962A-5C38-ED11-9DB1-0022489CA4D1
05AE0124-7E38-ED11-9DB1-0022489CA4D1,A8ED35C7-7438-ED11-9DB1-0022489CA4D1
05AE0124-7E38-ED11-9DB1-0022489CA4D1,98BDBC89-7A38-ED11-9DB1-0022489CA4D1
05AE0124-7E38-ED11-9DB1-0022489CA4D1,F1DD8648-7D38-ED11-9DB1-0022489CA4D1
CC29089E-6A38-ED11-9DB1-0022489CA4D1,F1D17EE6-6438-ED11-9DB1-0022489CA4D1
4015C266-7D38-ED11-9DB1-0022489CA4D1,BBFB9B24-5C38-ED11-9DB1-0022489CA4D1
A4EA9164-7538-ED11-9DB1-0022489CA4D1,0F8D8F2F-7038-ED11-9DB1-0022489CA4D1
BB0617F7-5D38-ED11-9DB1-0022489CA4D1,8DCB2F21-5A38-ED11-9DB1-0022489CA4D1
9B720AB4-5638-ED11-9DB1-0022489CA4D1,AFFB9B24-5C38-ED11-9DB1-0022489CA4D1
0196DD72-7D38-ED11-9DB1-0022489CA4D1,957187D4-7038-ED11-9DB1-0022489CA4D1
1860DEAB-7738-ED11-9DB1-0022489CA4D1,BF29089E-6A38-ED11-9DB1-0022489CA4D1
87E82D53-7A38-ED11-9DB1-0022489CA4D1,40933B70-7438-ED11-9DB1-0022489CA4D1
87E82D53-7A38-ED11-9DB1-0022489CA4D1,CBD2DB93-7738-ED11-9DB1-0022489CA4D1
2E933B70-7438-ED11-9DB1-0022489CA4D1,A529089E-6A38-ED11-9DB1-0022489CA4D1
41C1EB0E-4038-ED11-9DB1-0022489CA4D1,78C7947A-6038-ED11-9DB1-0022489CA4D1
F967D270-7338-ED11-9DB1-0022489CA4D1,7EFB9B24-5C38-ED11-9DB1-0022489CA4D1
3EC540C4-5738-ED11-9DB1-0022489CA4D1,0CEBE369-7438-ED11-9DB1-0022489CA4D1
A5C48CCE-7038-ED11-9DB1-0022489CA4D1,2972236E-6038-ED11-9DB1-0022489CA4D1
F1842E15-5A38-ED11-9DB1-0022489CA4D1,E2842E15-5A38-ED11-9DB1-0022489CA4D1
A360DB43-7B38-ED11-9DB1-0022489CA4D1,37DBD7EF-6D38-ED11-9DB1-0022489CA4D1
6BC264EE-8338-ED11-9DB1-0022489CA4D1,BE6D9DC9-8338-ED11-9DB1-0022489CA4D1
8251FC48-7C38-ED11-9DB1-0022489CA4D1,74D17DBD-5738-ED11-9DB1-0022489CA4D1
8251FC48-7C38-ED11-9DB1-0022489CA4D1,75ED35C7-7438-ED11-9DB1-0022489CA4D1
77617304-7B38-ED11-9DB1-0022489CA4D1,34BFD67C-6E38-ED11-9DB1-0022489CA4D1
E1FC522C-7238-ED11-9DB1-0022489CA4D1,E5FF2368-6038-ED11-9DB1-0022489CA4D1
5DED35C7-7438-ED11-9DB1-0022489CA4D1,8C014D72-6C38-ED11-9DB1-0022489CA4D1
DB99F4D7-8038-ED11-9DB1-0022489CA4D1,CF99F4D7-8038-ED11-9DB1-0022489CA4D1
A1D0DDEA-7E38-ED11-9DB1-0022489CA4D1,00EBE369-7438-ED11-9DB1-0022489CA4D1
4206CAA9-7C38-ED11-9DB1-0022489CA4D1,4C089E1A-6F38-ED11-9DB1-0022489CA4D1
F1A40143-7C38-ED11-9DB1-0022489CA4D1,5EDCA118-5C38-ED11-9DB1-0022489CA4D1
63C48CCE-7038-ED11-9DB1-0022489CA4D1,49C48CCE-7038-ED11-9DB1-0022489CA4D1
3756999E-7E38-ED11-9DB1-0022489CA4D1,EADA9867-7138-ED11-9DB1-0022489CA4D1
D99B7C36-7D38-ED11-9DB1-0022489CA4D1,C744EE13-6738-ED11-9DB1-0022489CA4D1
D99B7C36-7D38-ED11-9DB1-0022489CA4D1,8F243D21-7338-ED11-9DB1-0022489CA4D1
D99B7C36-7D38-ED11-9DB1-0022489CA4D1,CD79270F-7A38-ED11-9DB1-0022489CA4D1
E1A70B92-6A38-ED11-9DB1-0022489CA4D1,143A360F-5A38-ED11-9DB1-0022489CA4D1
E2EF4BEA-7338-ED11-9DB1-0022489CA4D1,376F1D4F-6838-ED11-9DB1-0022489CA4D1
FC62D5B9-8138-ED11-9DB1-0022489CA4D1,92447FB8-7F38-ED11-9DB1-0022489CA4D1
0F5EA7CC-7E38-ED11-9DB1-0022489CA4D1,76D10D56-6038-ED11-9DB1-0022489CA4D1